id;name;expiry;remaining_qty;description;image_url
1;withdrawal;2022-08-16T07:25:24;11403;Kenya clicks-and-mortar website;implementation Awesome Dynamic
2;Fantastic;2022-08-16T00:30:06;97026;XSS Intelligent Rustic;Designer
3;microchip SCSI indexing;2022-08-15T14:43:31;44889;Movies connecting Cambridgeshire;Slovenia bi-directional
4;Fully-configurable;2022-08-15T17:29:00;21671;indexing;haptic Buckinghamshire
5;Beauty generating Litas;2022-08-16T07:59:23;27785;Bike connect;Steel
6;connect bluetooth;2022-08-15T18:51:31;18799;Market;Metal PCI vortals
7;ivory Republic;2022-08-16T02:13:22;92464;executive Granite;optimize Tanzania Cotton
8;connect Tactics Borders;2022-08-16T08:49:16;78875;TCP Comoro mint;COM Synergistic synthesize
9;synthesizing;2022-08-15T12:05:21;10592;navigate leverage Kids;syndicate Bedfordshire
10;Mill Syrian bypass;2022-08-15T18:41:58;43601;Operations;Expanded
