id;user_login;chat_date;text_message
1;Solutions Wooden;2022-10-27T18:33:09;payment experiences
2;Outdoors Quality-focused index;2022-10-27T18:53:36;invoice
3;Fish Computer;2022-10-28T08:59:06;executive engine
4;sensor;2022-10-27T18:17:44;plug-and-play
5;Nakfa;2022-10-27T17:52:16;Regional
6;Industrial;2022-10-28T05:58:52;indigo Virginia
7;Avon Regional Nebraska;2022-10-28T14:18:41;Salad
8;Bedfordshire uniform;2022-10-28T13:51:40;Tools initiatives
9;Account Fish cross-media;2022-10-28T14:18:27;mindshare
10;relationships;2022-10-28T12:51:01;Public-key
